"0","first_observation <- Weekly[1, ]"
"0","predicted_class <- predict(m_train_minus_one, new_data = first_observation, type = ""class"")"
"0",""
"0","true_direction <- first_observation$Direction"
"0",""
"0","pred_direction <- predicted_class$.pred_class"
"0","is_correct <- pred_direction == true_direction"
"0","cat(""True Direction for Observation 1:"", as.character(true_direction), ""\n"")"
"1","True Direction for Observation 1:"
"1"," "
"1","Down"
"1"," "
"1","
"
"0","cat(""Predicted Direction:"", as.character(pred_direction), ""\n"")"
"1","Predicted Direction:"
"1"," "
"1","Up"
"1"," "
"1","
"
"0","cat(""Correctly Classified:"", is_correct, ""\n"")"
"1","Correctly Classified:"
"1"," "
"1","FALSE"
"1"," "
"1","
"
