"0","auto_train <- training(default_val)"
"0","auto_test <- testing(default_val)"
"0",""
"0","lm_spec <- linear_reg()"
"0","linear_recipe <- recipe(mpg ~ horsepower, data = Auto)"
"0",""
"0","m8 <- workflow() |> add_model(lm_spec) |> add_recipe(linear_recipe) |> fit(auto_train)"
"1","[1m[33mError[39m in `recipes::prep()`:[22m
[38;5;232m[33m![38;5;232m Not all variables in the recipe are present in the supplied training set: `horsepower` and `mpg`.[39m
[90mRun `]8;;x-r-run:rlang::last_trace()rlang::last_trace()]8;;` to see where the error occurred.[39m
"
